book_type,workload,ops,total_ns,throughput_ops_sec,min_ns,mean_ns,p50_ns,p90_ns,p99_ns,max_ns,alloc_count,alloc_bytes,trades,accepted,rejected,cancelled,modified,rested
ladder_pool,mostly_adds,10000000,1260717167,7931993.203,0,113.422,42,292,625,5050375,19007730,2848247360,0,9007730,0,992270,0,9007730
ladder_pool,many_cancels,10000000,702095209,14243082.522,0,57.069,42,84,125,30625,15048872,2721563904,0,5048872,0,4951128,0,5048872
ladder_pool,market_orders,10000000,935176000,10693174.333,0,80.746,42,250,542,43792,12657187,2720519168,4951339,10000000,0,0,0,2500000
ladder_pool,deep_book,10000000,596898833,16753257.750,0,46.658,42,42,84,1550583,20000000,2880000000,0,10000000,0,0,0,10000000
ladder_pool,wide_price_range,10000000,589837292,16953828.006,0,45.972,42,42,84,21042,20000000,2880000000,0,10000000,0,0,0,10000000
ladder_pool,same_price_fifo,10000000,552091291,18112946.469,0,42.188,42,42,84,29208,15000000,2720000000,5000000,10000000,0,0,0,5000000
ladder_pool,cross_heavy,10000000,1162487000,8602246.735,0,103.306,42,291,583,30000,15643196,2897658144,9538485,10000000,0,0,0,5316153
ladder_pool,modify_heavy,10000000,1595435917,6267879.451,0,146.889,83,416,542,6547292,16558973,3068203840,1851813,6875268,1872091,3129146,1876505,5939482
ladder_pool,mixed_realistic,10000000,1023566916,9769756.958,0,89.374,42,208,458,21083,14932329,2845926560,5477686,7366829,1900589,1098678,366096,4665669
