impl,workload,ops,total_ns,throughput_ops_sec,min_ns,mean_ns,p50_ns,p90_ns,p99_ns,max_ns,alloc_count,alloc_bytes,trades,accepted,rejected,cancelled,modified,rested
map,mostly_adds,10000000,1640265875,6096572.606,0,150.939,83,292,750,9219792,28017713,3569027976,0,9007730,0,992270,0,9007730
map,many_cancels,10000000,1046347792,9557051.753,0,91.620,83,125,208,5618458,20193320,3132355136,0,5048872,0,4951128,0,5048872
map,market_orders,10000000,1010492666,9896162.868,0,88.326,42,250,584,35209,15159187,2920663168,4951339,10000000,0,0,0,2500000
map,deep_book,10000000,630958041,15848914.429,0,49.716,42,42,84,479375,30000010,3680000720,0,10000000,0,0,0,10000000
map,wide_price_range,10000000,810140083,12343544.295,0,67.413,42,84,125,2015458,30002000,3680144000,0,10000000,0,0,0,10000000
map,same_price_fifo,10000000,615742916,16240544.130,0,48.587,42,42,125,39083,20000001,3120000072,5000000,10000000,0,0,0,5000000
map,cross_heavy,10000000,1134144041,8817222.186,0,100.332,83,250,583,2818583,23762798,3524798712,9538485,10000000,0,0,0,5316153
map,modify_heavy,10000000,1919043500,5210929.299,0,179.198,84,458,625,15917917,22504243,3543779136,1851813,6875268,1872091,3129146,1876505,5939482
map,mixed_realistic,10000000,1178599291,8484647.901,0,105.044,83,208,500,3831875,22230429,3408715112,5477686,7366829,1900589,1098678,366096,4665669
