layer,impl,workload,ops,total_ns,throughput_ops_sec,min_ns,mean_ns,p50_ns,p90_ns,p99_ns,max_ns,alloc_count,alloc_bytes,trades,accepted,rejected,cancelled,modified,rested,book_updated,total_events
engine,ladder_pool_engine,mostly_adds,10000000,1062249917,9413980.496,0,93.259,42,250,583,102958,19007730,4448247360,0,9007730,0,992270,0,9007730,10000000,29007730
engine,ladder_pool_engine,many_cancels,10000000,765833709,13057664.977,0,63.163,42,84,125,26500,15048872,4321563904,0,5048872,0,4951128,0,5048872,10000000,25048872
engine,ladder_pool_engine,market_orders,10000000,975229750,10253993.995,0,84.667,42,250,583,35083,13107680,4746173824,4951339,10000000,0,0,0,2500000,5000826,27451341
engine,ladder_pool_engine,deep_book,10000000,917274834,10901858.014,0,75.844,42,83,84,4294417,20000000,4480000000,0,10000000,0,0,0,10000000,10000000,30000000
engine,ladder_pool_engine,wide_price_range,10000000,690351042,14485384.090,0,55.796,42,83,84,50958,20000000,4480000000,0,10000000,0,0,0,10000000,10000000,30000000
engine,ladder_pool_engine,same_price_fifo,10000000,750818083,13318805.482,0,61.792,42,83,84,4863875,15000000,4320000000,5000000,10000000,0,0,0,5000000,10000000,30000000
engine,ladder_pool_engine,cross_heavy,10000000,1280234417,7811069.494,0,114.881,42,292,625,2758250,16527018,5338870304,9538485,10000000,0,0,0,5316153,10000000,34854638
engine,ladder_pool_engine,modify_heavy,10000000,1840352875,5433740.527,0,171.128,83,458,625,14255625,17827472,5930426624,1851813,6875268,1872091,3129146,1876505,5939482,8127909,29672214
engine,ladder_pool_engine,mixed_realistic,10000000,1184181167,8444653.807,0,105.134,83,250,500,3576167,15725929,5192689056,5477686,7366829,1900589,1098678,366096,4665669,8099407,28974962
