layer,book_type,workload,ops,total_ns,throughput_ops_sec,min_ns,mean_ns,p50_ns,p90_ns,p99_ns,max_ns,alloc_count,alloc_bytes,trades,accepted,rejected,cancelled,modified,rested,book_updated,total_events
engine,map_engine,mostly_adds,10000000,1264224416,7909988.032,0,113.007,83,250,625,50708,28017713,5169027976,0,9007730,0,992270,0,9007730,10000000,29007730
engine,map_engine,many_cancels,10000000,1145463541,8730090.171,0,101.273,84,125,208,473958,20193320,4732355136,0,5048872,0,4951128,0,5048872,10000000,25048872
engine,map_engine,market_orders,10000000,1120163042,8927271.857,0,98.968,42,291,625,24188292,15609680,4946317824,4951339,10000000,0,0,0,2500000,5000826,27451341
engine,map_engine,deep_book,10000000,719799500,13892757.636,0,58.248,42,83,84,168500,30000010,5280000720,0,10000000,0,0,0,10000000,10000000,30000000
engine,map_engine,wide_price_range,10000000,892163083,11208713.060,0,75.719,83,84,125,19209,30002000,5280144000,0,10000000,0,0,0,10000000,10000000,30000000
engine,map_engine,same_price_fifo,10000000,637249750,15692434.560,0,50.658,42,83,84,6423709,20000001,4720000072,5000000,10000000,0,0,0,5000000,10000000,30000000
engine,map_engine,cross_heavy,10000000,1193678667,8377463.949,0,106.176,83,250,542,22541,24646620,5966010872,9538485,10000000,0,0,0,5316153,10000000,34854638
engine,map_engine,modify_heavy,10000000,2023142291,4942806.072,0,189.506,125,459,667,7358958,23772742,6406001920,1851813,6875268,1872091,3129146,1876505,5939482,8127909,29672214
engine,map_engine,mixed_realistic,10000000,1262545500,7920506.627,0,113.140,83,208,500,5726500,23024029,5755477608,5477686,7366829,1900589,1098678,366096,4665669,8099407,28974962
